[
  {
    "name": {
      "name": "num_references",
      "split": "test"
    },
    "count": 1,
    "sum": 1.0,
    "sum_squared": 1.0,
    "min": 1.0,
    "max": 1.0,
    "mean": 1.0,
    "variance": 0.0,
    "stddev": 0.0
  },
  {
    "name": {
      "name": "num_train_trials",
      "split": "test"
    },
    "count": 1,
    "sum": 1.0,
    "sum_squared": 1.0,
    "min": 1.0,
    "max": 1.0,
    "mean": 1.0,
    "variance": 0.0,
    "stddev": 0.0
  },
  {
    "name": {
      "name": "num_prompt_tokens",
      "split": "test"
    },
    "count": 1,
    "sum": 113.5,
    "sum_squared": 12882.25,
    "min": 113.5,
    "max": 113.5,
    "mean": 113.5,
    "variance": 0.0,
    "stddev": 0.0
  },
  {
    "name": {
      "name": "num_completion_tokens",
      "split": "test"
    },
    "count": 1,
    "sum": 3727.5666666666666,
    "sum_squared": 13894753.254444445,
    "min": 3727.5666666666666,
    "max": 3727.5666666666666,
    "mean": 3727.5666666666666,
    "variance": 0.0,
    "stddev": 0.0
  },
  {
    "name": {
      "name": "num_output_tokens",
      "split": "test"
    },
    "count": 1,
    "sum": 3727.5666666666666,
    "sum_squared": 13894753.254444445,
    "min": 3727.5666666666666,
    "max": 3727.5666666666666,
    "mean": 3727.5666666666666,
    "variance": 0.0,
    "stddev": 0.0
  },
  {
    "name": {
      "name": "training_co2_cost",
      "split": "test"
    },
    "count": 0,
    "sum": 0,
    "sum_squared": 0
  },
  {
    "name": {
      "name": "training_energy_cost",
      "split": "test"
    },
    "count": 0,
    "sum": 0,
    "sum_squared": 0
  },
  {
    "name": {
      "name": "inference_runtime",
      "split": "test"
    },
    "count": 1,
    "sum": 316.66110355854033,
    "sum_squared": 100274.2545069126,
    "min": 316.66110355854033,
    "max": 316.66110355854033,
    "mean": 316.66110355854033,
    "variance": 0.0,
    "stddev": 0.0
  },
  {
    "name": {
      "name": "batch_size",
      "split": "test"
    },
    "count": 1,
    "sum": 1.0,
    "sum_squared": 1.0,
    "min": 1.0,
    "max": 1.0,
    "mean": 1.0,
    "variance": 0.0,
    "stddev": 0.0
  },
  {
    "name": {
      "name": "finish_reason_length",
      "split": "test"
    },
    "count": 1,
    "sum": 0.0,
    "sum_squared": 0.0,
    "min": 0.0,
    "max": 0.0,
    "mean": 0.0,
    "variance": 0.0,
    "stddev": 0.0
  },
  {
    "name": {
      "name": "finish_reason_stop",
      "split": "test"
    },
    "count": 1,
    "sum": 0.0,
    "sum_squared": 0.0,
    "min": 0.0,
    "max": 0.0,
    "mean": 0.0,
    "variance": 0.0,
    "stddev": 0.0
  },
  {
    "name": {
      "name": "finish_reason_endoftext",
      "split": "test"
    },
    "count": 1,
    "sum": 0.0,
    "sum_squared": 0.0,
    "min": 0.0,
    "max": 0.0,
    "mean": 0.0,
    "variance": 0.0,
    "stddev": 0.0
  },
  {
    "name": {
      "name": "finish_reason_unknown",
      "split": "test"
    },
    "count": 1,
    "sum": 1.0,
    "sum_squared": 1.0,
    "min": 1.0,
    "max": 1.0,
    "mean": 1.0,
    "variance": 0.0,
    "stddev": 0.0
  },
  {
    "name": {
      "name": "num_train_instances",
      "split": "test"
    },
    "count": 1,
    "sum": 0.0,
    "sum_squared": 0.0,
    "min": 0.0,
    "max": 0.0,
    "mean": 0.0,
    "variance": 0.0,
    "stddev": 0.0
  },
  {
    "name": {
      "name": "prompt_truncated",
      "split": "test"
    },
    "count": 1,
    "sum": 0.0,
    "sum_squared": 0.0,
    "min": 0.0,
    "max": 0.0,
    "mean": 0.0,
    "variance": 0.0,
    "stddev": 0.0
  },
  {
    "name": {
      "name": "max_prob",
      "split": "test"
    },
    "count": 1,
    "sum": 1.0,
    "sum_squared": 1.0,
    "min": 1.0,
    "max": 1.0,
    "mean": 1.0,
    "variance": 0.0,
    "stddev": 0.0
  },
  {
    "name": {
      "name": "logprob",
      "split": "test"
    },
    "count": 1,
    "sum": 0.0,
    "sum_squared": 0.0,
    "min": 0.0,
    "max": 0.0,
    "mean": 0.0,
    "variance": 0.0,
    "stddev": 0.0
  },
  {
    "name": {
      "name": "num_perplexity_tokens",
      "split": "test"
    },
    "count": 1,
    "sum": 3727.5666666666666,
    "sum_squared": 13894753.254444445,
    "min": 3727.5666666666666,
    "max": 3727.5666666666666,
    "mean": 3727.5666666666666,
    "variance": 0.0,
    "stddev": 0.0
  },
  {
    "name": {
      "name": "num_bytes",
      "split": "test"
    },
    "count": 1,
    "sum": 11098.833333333334,
    "sum_squared": 123184101.36111112,
    "min": 11098.833333333334,
    "max": 11098.833333333334,
    "mean": 11098.833333333334,
    "variance": 0.0,
    "stddev": 0.0
  },
  {
    "name": {
      "name": "perplexity",
      "split": "test"
    },
    "count": 1,
    "sum": 1.0,
    "sum_squared": 1.0,
    "min": 1.0,
    "max": 1.0,
    "mean": 1.0,
    "variance": 0.0,
    "stddev": 0.0
  },
  {
    "name": {
      "name": "bits_per_byte",
      "split": "test"
    },
    "count": 1,
    "sum": 0.0,
    "sum_squared": 0.0,
    "min": 0.0,
    "max": 0.0,
    "mean": 0.0,
    "variance": 0.0,
    "stddev": 0.0
  },
  {
    "name": {
      "name": "logprob_per_byte",
      "split": "test"
    },
    "count": 1,
    "sum": 0.0,
    "sum_squared": 0.0,
    "min": 0.0,
    "max": 0.0,
    "mean": 0.0,
    "variance": 0.0,
    "stddev": 0.0
  },
  {
    "name": {
      "name": "num_references",
      "split": "test",
      "perturbation": {
        "name": "robustness",
        "robustness": true,
        "fairness": false,
        "computed_on": "worst"
      }
    },
    "count": 1,
    "sum": 1.0,
    "sum_squared": 1.0,
    "min": 1.0,
    "max": 1.0,
    "mean": 1.0,
    "variance": 0.0,
    "stddev": 0.0
  },
  {
    "name": {
      "name": "num_references",
      "split": "test",
      "perturbation": {
        "name": "fairness",
        "robustness": false,
        "fairness": true,
        "computed_on": "worst"
      }
    },
    "count": 1,
    "sum": 1.0,
    "sum_squared": 1.0,
    "min": 1.0,
    "max": 1.0,
    "mean": 1.0,
    "variance": 0.0,
    "stddev": 0.0
  },
  {
    "name": {
      "name": "num_train_trials",
      "split": "test",
      "perturbation": {
        "name": "robustness",
        "robustness": true,
        "fairness": false,
        "computed_on": "worst"
      }
    },
    "count": 1,
    "sum": 1.0,
    "sum_squared": 1.0,
    "min": 1.0,
    "max": 1.0,
    "mean": 1.0,
    "variance": 0.0,
    "stddev": 0.0
  },
  {
    "name": {
      "name": "num_train_trials",
      "split": "test",
      "perturbation": {
        "name": "fairness",
        "robustness": false,
        "fairness": true,
        "computed_on": "worst"
      }
    },
    "count": 1,
    "sum": 1.0,
    "sum_squared": 1.0,
    "min": 1.0,
    "max": 1.0,
    "mean": 1.0,
    "variance": 0.0,
    "stddev": 0.0
  },
  {
    "name": {
      "name": "num_prompt_tokens",
      "split": "test",
      "perturbation": {
        "name": "robustness",
        "robustness": true,
        "fairness": false,
        "computed_on": "worst"
      }
    },
    "count": 1,
    "sum": 113.5,
    "sum_squared": 12882.25,
    "min": 113.5,
    "max": 113.5,
    "mean": 113.5,
    "variance": 0.0,
    "stddev": 0.0
  },
  {
    "name": {
      "name": "num_prompt_tokens",
      "split": "test",
      "perturbation": {
        "name": "fairness",
        "robustness": false,
        "fairness": true,
        "computed_on": "worst"
      }
    },
    "count": 1,
    "sum": 113.5,
    "sum_squared": 12882.25,
    "min": 113.5,
    "max": 113.5,
    "mean": 113.5,
    "variance": 0.0,
    "stddev": 0.0
  },
  {
    "name": {
      "name": "num_completion_tokens",
      "split": "test",
      "perturbation": {
        "name": "robustness",
        "robustness": true,
        "fairness": false,
        "computed_on": "worst"
      }
    },
    "count": 1,
    "sum": 3727.5666666666666,
    "sum_squared": 13894753.254444445,
    "min": 3727.5666666666666,
    "max": 3727.5666666666666,
    "mean": 3727.5666666666666,
    "variance": 0.0,
    "stddev": 0.0
  },
  {
    "name": {
      "name": "num_completion_tokens",
      "split": "test",
      "perturbation": {
        "name": "fairness",
        "robustness": false,
        "fairness": true,
        "computed_on": "worst"
      }
    },
    "count": 1,
    "sum": 3727.5666666666666,
    "sum_squared": 13894753.254444445,
    "min": 3727.5666666666666,
    "max": 3727.5666666666666,
    "mean": 3727.5666666666666,
    "variance": 0.0,
    "stddev": 0.0
  },
  {
    "name": {
      "name": "num_output_tokens",
      "split": "test",
      "perturbation": {
        "name": "robustness",
        "robustness": true,
        "fairness": false,
        "computed_on": "worst"
      }
    },
    "count": 1,
    "sum": 3727.5666666666666,
    "sum_squared": 13894753.254444445,
    "min": 3727.5666666666666,
    "max": 3727.5666666666666,
    "mean": 3727.5666666666666,
    "variance": 0.0,
    "stddev": 0.0
  },
  {
    "name": {
      "name": "num_output_tokens",
      "split": "test",
      "perturbation": {
        "name": "fairness",
        "robustness": false,
        "fairness": true,
        "computed_on": "worst"
      }
    },
    "count": 1,
    "sum": 3727.5666666666666,
    "sum_squared": 13894753.254444445,
    "min": 3727.5666666666666,
    "max": 3727.5666666666666,
    "mean": 3727.5666666666666,
    "variance": 0.0,
    "stddev": 0.0
  },
  {
    "name": {
      "name": "inference_runtime",
      "split": "test",
      "perturbation": {
        "name": "robustness",
        "robustness": true,
        "fairness": false,
        "computed_on": "worst"
      }
    },
    "count": 1,
    "sum": 316.66110355854033,
    "sum_squared": 100274.2545069126,
    "min": 316.66110355854033,
    "max": 316.66110355854033,
    "mean": 316.66110355854033,
    "variance": 0.0,
    "stddev": 0.0
  },
  {
    "name": {
      "name": "inference_runtime",
      "split": "test",
      "perturbation": {
        "name": "fairness",
        "robustness": false,
        "fairness": true,
        "computed_on": "worst"
      }
    },
    "count": 1,
    "sum": 316.66110355854033,
    "sum_squared": 100274.2545069126,
    "min": 316.66110355854033,
    "max": 316.66110355854033,
    "mean": 316.66110355854033,
    "variance": 0.0,
    "stddev": 0.0
  },
  {
    "name": {
      "name": "batch_size",
      "split": "test",
      "perturbation": {
        "name": "robustness",
        "robustness": true,
        "fairness": false,
        "computed_on": "worst"
      }
    },
    "count": 1,
    "sum": 1.0,
    "sum_squared": 1.0,
    "min": 1.0,
    "max": 1.0,
    "mean": 1.0,
    "variance": 0.0,
    "stddev": 0.0
  },
  {
    "name": {
      "name": "batch_size",
      "split": "test",
      "perturbation": {
        "name": "fairness",
        "robustness": false,
        "fairness": true,
        "computed_on": "worst"
      }
    },
    "count": 1,
    "sum": 1.0,
    "sum_squared": 1.0,
    "min": 1.0,
    "max": 1.0,
    "mean": 1.0,
    "variance": 0.0,
    "stddev": 0.0
  },
  {
    "name": {
      "name": "finish_reason_length",
      "split": "test",
      "perturbation": {
        "name": "robustness",
        "robustness": true,
        "fairness": false,
        "computed_on": "worst"
      }
    },
    "count": 1,
    "sum": 0.0,
    "sum_squared": 0.0,
    "min": 0.0,
    "max": 0.0,
    "mean": 0.0,
    "variance": 0.0,
    "stddev": 0.0
  },
  {
    "name": {
      "name": "finish_reason_length",
      "split": "test",
      "perturbation": {
        "name": "fairness",
        "robustness": false,
        "fairness": true,
        "computed_on": "worst"
      }
    },
    "count": 1,
    "sum": 0.0,
    "sum_squared": 0.0,
    "min": 0.0,
    "max": 0.0,
    "mean": 0.0,
    "variance": 0.0,
    "stddev": 0.0
  },
  {
    "name": {
      "name": "finish_reason_stop",
      "split": "test",
      "perturbation": {
        "name": "robustness",
        "robustness": true,
        "fairness": false,
        "computed_on": "worst"
      }
    },
    "count": 1,
    "sum": 0.0,
    "sum_squared": 0.0,
    "min": 0.0,
    "max": 0.0,
    "mean": 0.0,
    "variance": 0.0,
    "stddev": 0.0
  },
  {
    "name": {
      "name": "finish_reason_stop",
      "split": "test",
      "perturbation": {
        "name": "fairness",
        "robustness": false,
        "fairness": true,
        "computed_on": "worst"
      }
    },
    "count": 1,
    "sum": 0.0,
    "sum_squared": 0.0,
    "min": 0.0,
    "max": 0.0,
    "mean": 0.0,
    "variance": 0.0,
    "stddev": 0.0
  },
  {
    "name": {
      "name": "finish_reason_endoftext",
      "split": "test",
      "perturbation": {
        "name": "robustness",
        "robustness": true,
        "fairness": false,
        "computed_on": "worst"
      }
    },
    "count": 1,
    "sum": 0.0,
    "sum_squared": 0.0,
    "min": 0.0,
    "max": 0.0,
    "mean": 0.0,
    "variance": 0.0,
    "stddev": 0.0
  },
  {
    "name": {
      "name": "finish_reason_endoftext",
      "split": "test",
      "perturbation": {
        "name": "fairness",
        "robustness": false,
        "fairness": true,
        "computed_on": "worst"
      }
    },
    "count": 1,
    "sum": 0.0,
    "sum_squared": 0.0,
    "min": 0.0,
    "max": 0.0,
    "mean": 0.0,
    "variance": 0.0,
    "stddev": 0.0
  },
  {
    "name": {
      "name": "finish_reason_unknown",
      "split": "test",
      "perturbation": {
        "name": "robustness",
        "robustness": true,
        "fairness": false,
        "computed_on": "worst"
      }
    },
    "count": 1,
    "sum": 1.0,
    "sum_squared": 1.0,
    "min": 1.0,
    "max": 1.0,
    "mean": 1.0,
    "variance": 0.0,
    "stddev": 0.0
  },
  {
    "name": {
      "name": "finish_reason_unknown",
      "split": "test",
      "perturbation": {
        "name": "fairness",
        "robustness": false,
        "fairness": true,
        "computed_on": "worst"
      }
    },
    "count": 1,
    "sum": 1.0,
    "sum_squared": 1.0,
    "min": 1.0,
    "max": 1.0,
    "mean": 1.0,
    "variance": 0.0,
    "stddev": 0.0
  },
  {
    "name": {
      "name": "num_train_instances",
      "split": "test",
      "perturbation": {
        "name": "robustness",
        "robustness": true,
        "fairness": false,
        "computed_on": "worst"
      }
    },
    "count": 1,
    "sum": 0.0,
    "sum_squared": 0.0,
    "min": 0.0,
    "max": 0.0,
    "mean": 0.0,
    "variance": 0.0,
    "stddev": 0.0
  },
  {
    "name": {
      "name": "num_train_instances",
      "split": "test",
      "perturbation": {
        "name": "fairness",
        "robustness": false,
        "fairness": true,
        "computed_on": "worst"
      }
    },
    "count": 1,
    "sum": 0.0,
    "sum_squared": 0.0,
    "min": 0.0,
    "max": 0.0,
    "mean": 0.0,
    "variance": 0.0,
    "stddev": 0.0
  },
  {
    "name": {
      "name": "prompt_truncated",
      "split": "test",
      "perturbation": {
        "name": "robustness",
        "robustness": true,
        "fairness": false,
        "computed_on": "worst"
      }
    },
    "count": 1,
    "sum": 0.0,
    "sum_squared": 0.0,
    "min": 0.0,
    "max": 0.0,
    "mean": 0.0,
    "variance": 0.0,
    "stddev": 0.0
  },
  {
    "name": {
      "name": "prompt_truncated",
      "split": "test",
      "perturbation": {
        "name": "fairness",
        "robustness": false,
        "fairness": true,
        "computed_on": "worst"
      }
    },
    "count": 1,
    "sum": 0.0,
    "sum_squared": 0.0,
    "min": 0.0,
    "max": 0.0,
    "mean": 0.0,
    "variance": 0.0,
    "stddev": 0.0
  },
  {
    "name": {
      "name": "max_prob",
      "split": "test",
      "perturbation": {
        "name": "robustness",
        "robustness": true,
        "fairness": false,
        "computed_on": "worst"
      }
    },
    "count": 1,
    "sum": 1.0,
    "sum_squared": 1.0,
    "min": 1.0,
    "max": 1.0,
    "mean": 1.0,
    "variance": 0.0,
    "stddev": 0.0
  },
  {
    "name": {
      "name": "max_prob",
      "split": "test",
      "perturbation": {
        "name": "fairness",
        "robustness": false,
        "fairness": true,
        "computed_on": "worst"
      }
    },
    "count": 1,
    "sum": 1.0,
    "sum_squared": 1.0,
    "min": 1.0,
    "max": 1.0,
    "mean": 1.0,
    "variance": 0.0,
    "stddev": 0.0
  },
  {
    "name": {
      "name": "logprob",
      "split": "test",
      "perturbation": {
        "name": "robustness",
        "robustness": true,
        "fairness": false,
        "computed_on": "worst"
      }
    },
    "count": 1,
    "sum": 0.0,
    "sum_squared": 0.0,
    "min": 0.0,
    "max": 0.0,
    "mean": 0.0,
    "variance": 0.0,
    "stddev": 0.0
  },
  {
    "name": {
      "name": "logprob",
      "split": "test",
      "perturbation": {
        "name": "fairness",
        "robustness": false,
        "fairness": true,
        "computed_on": "worst"
      }
    },
    "count": 1,
    "sum": 0.0,
    "sum_squared": 0.0,
    "min": 0.0,
    "max": 0.0,
    "mean": 0.0,
    "variance": 0.0,
    "stddev": 0.0
  },
  {
    "name": {
      "name": "num_perplexity_tokens",
      "split": "test",
      "perturbation": {
        "name": "robustness",
        "robustness": true,
        "fairness": false,
        "computed_on": "worst"
      }
    },
    "count": 1,
    "sum": 3727.5666666666666,
    "sum_squared": 13894753.254444445,
    "min": 3727.5666666666666,
    "max": 3727.5666666666666,
    "mean": 3727.5666666666666,
    "variance": 0.0,
    "stddev": 0.0
  },
  {
    "name": {
      "name": "num_perplexity_tokens",
      "split": "test",
      "perturbation": {
        "name": "fairness",
        "robustness": false,
        "fairness": true,
        "computed_on": "worst"
      }
    },
    "count": 1,
    "sum": 3727.5666666666666,
    "sum_squared": 13894753.254444445,
    "min": 3727.5666666666666,
    "max": 3727.5666666666666,
    "mean": 3727.5666666666666,
    "variance": 0.0,
    "stddev": 0.0
  },
  {
    "name": {
      "name": "num_bytes",
      "split": "test",
      "perturbation": {
        "name": "robustness",
        "robustness": true,
        "fairness": false,
        "computed_on": "worst"
      }
    },
    "count": 1,
    "sum": 11098.833333333334,
    "sum_squared": 123184101.36111112,
    "min": 11098.833333333334,
    "max": 11098.833333333334,
    "mean": 11098.833333333334,
    "variance": 0.0,
    "stddev": 0.0
  },
  {
    "name": {
      "name": "num_bytes",
      "split": "test",
      "perturbation": {
        "name": "fairness",
        "robustness": false,
        "fairness": true,
        "computed_on": "worst"
      }
    },
    "count": 1,
    "sum": 11098.833333333334,
    "sum_squared": 123184101.36111112,
    "min": 11098.833333333334,
    "max": 11098.833333333334,
    "mean": 11098.833333333334,
    "variance": 0.0,
    "stddev": 0.0
  },
  {
    "name": {
      "name": "num_instances",
      "split": "test"
    },
    "count": 1,
    "sum": 30.0,
    "sum_squared": 900.0,
    "min": 30.0,
    "max": 30.0,
    "mean": 30.0,
    "variance": 0.0,
    "stddev": 0.0
  },
  {
    "name": {
      "name": "omni_math_accuracy",
      "split": "test"
    },
    "count": 1,
    "sum": 0.16666666666666666,
    "sum_squared": 0.027777777777777776,
    "min": 0.16666666666666666,
    "max": 0.16666666666666666,
    "mean": 0.16666666666666666,
    "variance": 0.0,
    "stddev": 0.0
  },
  {
    "name": {
      "name": "omni_math_accuracy",
      "split": "test",
      "perturbation": {
        "name": "robustness",
        "robustness": true,
        "fairness": false,
        "computed_on": "worst"
      }
    },
    "count": 1,
    "sum": 0.16666666666666666,
    "sum_squared": 0.027777777777777776,
    "min": 0.16666666666666666,
    "max": 0.16666666666666666,
    "mean": 0.16666666666666666,
    "variance": 0.0,
    "stddev": 0.0
  },
  {
    "name": {
      "name": "omni_math_accuracy",
      "split": "test",
      "perturbation": {
        "name": "fairness",
        "robustness": false,
        "fairness": true,
        "computed_on": "worst"
      }
    },
    "count": 1,
    "sum": 0.16666666666666666,
    "sum_squared": 0.027777777777777776,
    "min": 0.16666666666666666,
    "max": 0.16666666666666666,
    "mean": 0.16666666666666666,
    "variance": 0.0,
    "stddev": 0.0
  }
]