{"description": "", "citation": "", "homepage": "", "license": "", "features": {"domain": {"feature": {"dtype": "string", "_type": "Value"}, "_type": "Sequence"}, "difficulty": {"dtype": "float64", "_type": "Value"}, "problem": {"dtype": "string", "_type": "Value"}, "solution": {"dtype": "string", "_type": "Value"}, "answer": {"dtype": "string", "_type": "Value"}, "source": {"dtype": "string", "_type": "Value"}}, "builder_name": "json", "dataset_name": "omni-math", "config_name": "default", "version": {"version_str": "0.0.0", "major": 0, "minor": 0, "patch": 0}, "splits": {"test": {"name": "test", "num_bytes": 6984163, "num_examples": 4428, "dataset_name": "omni-math"}}, "download_checksums": {"hf://datasets/KbsdJames/Omni-MATH@40ba231d8f16e29ecd40e6407e2c8640145a8f62/test.jsonl": {"num_bytes": 7504961, "checksum": null}}, "download_size": 7504961, "dataset_size": 6984163, "size_in_bytes": 14489124}