{
  "core_scenarios": {
    "display_name": "Core Scenarios",
    "description": "Core Scenarios",
    "taxonomy": null
  },
  "mmlu_pro": {
    "display_name": "MMLU-Pro",
    "description": "MMLU-Pro",
    "taxonomy": {
      "task": "?",
      "what": "?",
      "when": "?",
      "who": "?",
      "language": "English"
    }
  },
  "gpqa": {
    "display_name": "GPQA",
    "description": "GPQA",
    "taxonomy": {
      "task": "question answering",
      "what": "graduate-level questions in biology, physics, and chemistry",
      "when": "2023",
      "who": "domain experts",
      "language": "English"
    }
  },
  "ifeval": {
    "display_name": "IFEval",
    "description": "IFEval",
    "taxonomy": {
      "task": "instruction following",
      "what": "verifiable general domain instruction following",
      "when": "2023",
      "who": "human annotators",
      "language": "English"
    }
  },
  "wildbench": {
    "display_name": "WildBench",
    "description": "WildBench",
    "taxonomy": {
      "task": "instruction following",
      "what": "GPT-judged instruction following with instructions collected from real-user conversations",
      "when": "2024",
      "who": "real-world users",
      "language": "English"
    }
  },
  "bigcodebench": {
    "display_name": "BigCodeBench",
    "description": "BigCodeBench",
    "taxonomy": {
      "task": "code generation",
      "what": "function-level code generation tasks with complex instructions and diverse function calls",
      "when": "2024",
      "who": "human annotators",
      "language": "English"
    }
  },
  "omni_math": {
    "display_name": "Omni-MATH",
    "description": "Omni-MATH",
    "taxonomy": {
      "task": "mathematics",
      "what": "universal Olympiad level mathematic benchmark",
      "when": "2024",
      "who": "human annotators",
      "language": "English"
    }
  }
}