[
  {
    "title": "All scenarios",
    "header": [
      {
        "value": "Group",
        "markdown": false,
        "metadata": {}
      },
      {
        "value": "Description",
        "markdown": false,
        "metadata": {}
      },
      {
        "value": "Adaptation method",
        "description": "Adaptation strategy (e.g., generation)",
        "markdown": false,
        "metadata": {}
      },
      {
        "value": "# instances",
        "description": "Number of instances evaluated on",
        "markdown": false,
        "metadata": {}
      },
      {
        "value": "# references",
        "description": "Number of references provided per instance",
        "markdown": false,
        "metadata": {}
      },
      {
        "value": "# prompt tokens",
        "description": "Total number of prompt tokens",
        "markdown": false,
        "metadata": {}
      },
      {
        "value": "# completion tokens",
        "description": "Total number of completion tokens",
        "markdown": false,
        "metadata": {}
      },
      {
        "value": "# models",
        "description": "Number of models we're evaluating",
        "markdown": false,
        "metadata": {}
      }
    ],
    "rows": [
      [
        {
          "value": "Core Scenarios",
          "href": "?group=core_scenarios",
          "markdown": false
        },
        {
          "value": "Core Scenarios",
          "markdown": true
        },
        {
          "value": "generation",
          "markdown": false
        },
        {
          "value": 30.0,
          "description": "min=30, mean=30, max=30, sum=60 (2)",
          "markdown": false
        },
        {
          "value": 1.0,
          "description": "min=1, mean=1, max=1, sum=6 (6)",
          "markdown": false
        },
        {
          "value": 681.0,
          "description": "min=113.5, mean=113.5, max=113.5, sum=681 (6)",
          "markdown": false
        },
        {
          "value": 22365.399999999998,
          "description": "min=3727.567, mean=3727.567, max=3727.567, sum=22365.4 (6)",
          "markdown": false
        },
        {
          "value": 2,
          "markdown": false
        }
      ]
    ],
    "links": []
  },
  {
    "title": "Scenarios",
    "header": [
      {
        "value": "Group",
        "markdown": false,
        "metadata": {}
      },
      {
        "value": "Description",
        "markdown": false,
        "metadata": {}
      },
      {
        "value": "Adaptation method",
        "description": "Adaptation strategy (e.g., generation)",
        "markdown": false,
        "metadata": {}
      },
      {
        "value": "# instances",
        "description": "Number of instances evaluated on",
        "markdown": false,
        "metadata": {}
      },
      {
        "value": "# references",
        "description": "Number of references provided per instance",
        "markdown": false,
        "metadata": {}
      },
      {
        "value": "# prompt tokens",
        "description": "Total number of prompt tokens",
        "markdown": false,
        "metadata": {}
      },
      {
        "value": "# completion tokens",
        "description": "Total number of completion tokens",
        "markdown": false,
        "metadata": {}
      },
      {
        "value": "# models",
        "description": "Number of models we're evaluating",
        "markdown": false,
        "metadata": {}
      }
    ],
    "rows": [
      [
        {
          "value": "MMLU-Pro",
          "href": "?group=mmlu_pro",
          "markdown": false
        },
        {
          "value": "MMLU-Pro",
          "markdown": true
        },
        {
          "value": "",
          "markdown": false
        },
        {
          "markdown": false
        },
        {
          "markdown": false
        },
        {
          "markdown": false
        },
        {
          "markdown": false
        },
        {
          "value": 0,
          "markdown": false
        }
      ],
      [
        {
          "value": "GPQA",
          "href": "?group=gpqa",
          "markdown": false
        },
        {
          "value": "GPQA",
          "markdown": true
        },
        {
          "value": "",
          "markdown": false
        },
        {
          "markdown": false
        },
        {
          "markdown": false
        },
        {
          "markdown": false
        },
        {
          "markdown": false
        },
        {
          "value": 0,
          "markdown": false
        }
      ],
      [
        {
          "value": "IFEval",
          "href": "?group=ifeval",
          "markdown": false
        },
        {
          "value": "IFEval",
          "markdown": true
        },
        {
          "value": "",
          "markdown": false
        },
        {
          "markdown": false
        },
        {
          "markdown": false
        },
        {
          "markdown": false
        },
        {
          "markdown": false
        },
        {
          "value": 0,
          "markdown": false
        }
      ],
      [
        {
          "value": "WildBench",
          "href": "?group=wildbench",
          "markdown": false
        },
        {
          "value": "WildBench",
          "markdown": true
        },
        {
          "value": "",
          "markdown": false
        },
        {
          "markdown": false
        },
        {
          "markdown": false
        },
        {
          "markdown": false
        },
        {
          "markdown": false
        },
        {
          "value": 0,
          "markdown": false
        }
      ],
      [
        {
          "value": "BigCodeBench",
          "href": "?group=bigcodebench",
          "markdown": false
        },
        {
          "value": "BigCodeBench",
          "markdown": true
        },
        {
          "value": "",
          "markdown": false
        },
        {
          "markdown": false
        },
        {
          "markdown": false
        },
        {
          "markdown": false
        },
        {
          "markdown": false
        },
        {
          "value": 0,
          "markdown": false
        }
      ],
      [
        {
          "value": "Omni-MATH",
          "href": "?group=omni_math",
          "markdown": false
        },
        {
          "value": "Omni-MATH",
          "markdown": true
        },
        {
          "value": "generation",
          "markdown": false
        },
        {
          "value": 30.0,
          "description": "min=30, mean=30, max=30, sum=60 (2)",
          "markdown": false
        },
        {
          "value": 1.0,
          "description": "min=1, mean=1, max=1, sum=6 (6)",
          "markdown": false
        },
        {
          "value": 681.0,
          "description": "min=113.5, mean=113.5, max=113.5, sum=681 (6)",
          "markdown": false
        },
        {
          "value": 22365.399999999998,
          "description": "min=3727.567, mean=3727.567, max=3727.567, sum=22365.4 (6)",
          "markdown": false
        },
        {
          "value": 2,
          "markdown": false
        }
      ]
    ],
    "links": []
  }
]